kayak_id,total_revenue
1,883.68
2,424.74
3,1304.3500000000001
4,1080.8000000000002
5,1593.1099999999997
6,1099.2999999999997
7,1464.5
8,991.9
9,788.5
10,1064.9299999999998
11,1095.06
12,890.5699999999999
13,2104.82
14,1759.4
15,1201.3999999999999
16,1277.8899999999999
17,1216.0
18,1041.3700000000001
19,2848.2000000000003
20,1141.5
